2025-09-20 19:57:39.223401,Ambush Marpat Navy Digital Camo Rucksack,"₹1,749"
2025-09-20 19:57:43.123154,Sonata UNVEIL 3.0 Men Analog Watch,"₹1,539"
2025-09-20 19:57:47.719099,Hustle V2 IDP Sneakers For Men,"₹1,200"
2025-09-20 19:57:39.223401,Ambush Marpat Navy Digital Camo Rucksack,"₹1,749"
2025-09-20 19:57:43.123154,Sonata UNVEIL 3.0 Men Analog Watch,"₹1,539"
2025-09-20 19:57:47.719099,Hustle V2 IDP Sneakers For Men,"₹1,200"
2025-09-20 19:57:39.223401,Ambush Marpat Navy Digital Camo Rucksack,"₹1,749"
2025-09-20 19:57:43.123154,Sonata UNVEIL 3.0 Men Analog Watch,"₹1,539"
2025-09-20 19:57:47.719099,Hustle V2 IDP Sneakers For Men,"₹1,200"
2025-09-20 20:17:46.297909,Ambush Marpat Navy Digital Camo Rucksack,"₹1,749"
2025-09-20 20:17:54.141987,Sonata UNVEIL 3.0 Men Analog Watch,"₹1,539"
2025-09-20 20:17:57.892064,Hustle V2 IDP Sneakers For Men,"₹1,200"
2025-09-20 20:17:46.297909,Ambush Marpat Navy Digital Camo Rucksack,"₹1,749"
2025-09-20 20:17:54.141987,Sonata UNVEIL 3.0 Men Analog Watch,"₹1,539"
2025-09-20 20:17:57.892064,Hustle V2 IDP Sneakers For Men,"₹1,200"
2025-09-20 20:48:58.451484,Ambush Marpat Navy Digital Camo Rucksack,"₹1,749"
2025-09-20 20:48:59.600920,Sonata UNVEIL 3.0 Men Analog Watch,"₹1,539"
2025-09-20 20:49:01.000022,Hustle V2 IDP Sneakers For Men,"₹1,200"
2025-09-21 00:04:10.263168,Ambush Marpat Navy Digital Camo Rucksack,"₹1,749"
2025-09-21 00:04:11.392773,Sonata UNVEIL 3.0 Men Analog Watch,"₹1,814"
2025-09-21 00:04:12.361846,Hustle V2 IDP Sneakers For Men,"₹1,200"
2025-09-21 01:14:44.694472,Ambush Marpat Navy Digital Camo Rucksack,"₹1,749"
2025-09-21 01:14:45.618335,Sonata UNVEIL 3.0 Men Analog Watch,"₹1,814"
2025-09-21 01:14:46.684402,Hustle V2 IDP Sneakers For Men,"₹1,200"
2025-09-21 11:42:53.059065,Ambush Marpat Navy Digital Camo Rucksack,"₹1,749"
2025-09-21 11:42:53.862413,Sonata UNVEIL 3.0 Men Analog Watch,"₹3,299"
2025-09-21 11:42:54.668223,Hustle V2 IDP Sneakers For Men,"₹1,200"
2025-09-21 12:01:22.854642,Ambush Marpat Navy Digital Camo Rucksack,"₹1,749"
2025-09-21 12:01:23.545324,Sonata UNVEIL 3.0 Men Analog Watch,"₹3,299"
2025-09-21 12:01:24.310793,Hustle V2 IDP Sneakers For Men,"₹1,200"
2025-09-21 12:01:25.146307,Samsung Galaxy S25 5G,"₹74,999"
2025-09-21 12:01:25.911575,ASUS Vivobook S14 Flip,"₹57,990"
2025-09-21 12:01:26.555051,CrossBeats Hawk Gaming TWS,"₹3,999"
2025-09-21 12:01:27.554996,ADIDAS Men Striped Black Track Pants,"₹3,149"
2025-09-21 12:02:51.940423,Ambush Marpat Navy Digital Camo Rucksack,"₹1,749"
2025-09-21 12:02:52.842701,Sonata UNVEIL 3.0 Men Analog Watch,"₹3,299"
2025-09-21 12:02:53.949658,Hustle V2 IDP Sneakers For Men,"₹1,200"
2025-09-21 12:02:54.971852,Samsung Galaxy S25 5G,"₹74,999"
2025-09-21 12:02:55.866275,ASUS Vivobook S14 Flip,"₹57,990"
2025-09-21 12:02:59.639482,CrossBeats Hawk Gaming TWS,"₹3,999"
2025-09-21 12:03:00.255600,ADIDAS Men Striped Black Track Pants,"₹3,149"
